id,materia,grado,tema,tema_descripcion,parametro,porcentaje_nivel_1,porcentaje_nivel_2,porcentaje_nivel_3,porcentaje_nivel_4,puntaje_promedio,quintil_i_puntaje,quintil_v_puntaje,nota_tooltip,nota_grafico
0,Ciencias,6,País,0,Todos,0.18817869,0.45064658,0.24886062,0.11231412,756.14,715.127649,798.377028,,
0,Lectura,3,País,0,Todos,0.17607701,0.21979521,0.39433685,0.20979093,753.94,725.958362,797.121048,,
0,Lectura,6,País,0,Todos,0.04498754,0.45877595,0.26792504,0.22831147,754.71,714.020255,806.894813,,
0,Matemáticas,3,País,0,Todos,0.23137462,0.31305036,0.36502378,0.09055124,750.26,720.59607,794.865696,,
0,Matemáticas,6,País,0,Todos,0.29919114,0.48906822,0.16722642,0.04451423,729.96,696.528053,780.936198,,
2.1,Ciencias,6,Familia: nivel socioeconómico,"Índice de medición del nivel socioeconómico y cultural de los estudiantes. Es una variable compuesta que incluye antecedentes educativos, económicos y laborales de los padres, además de posesiones, libros y características de la construcción de la vivienda.",Familia Quintil 1,0.298436364,0.48501753,0.17046612,0.04607998,715.061975,,,20% más bajo de la muestra,
2.1,Ciencias,6,Familia: nivel socioeconómico,"Índice de medición del nivel socioeconómico y cultural de los estudiantes. Es una variable compuesta que incluye antecedentes educativos, económicos y laborales de los padres, además de posesiones, libros y características de la construcción de la vivienda.",Familia Quintil 5,0.087577027,0.31920463,0.34566452,0.24755383,798.377028,,,20% más alto de la muestra,
2.1,Lectura,3,Familia: nivel socioeconómico,"Índice de medición del nivel socioeconómico y cultural de los estudiantes. Es una variable compuesta que incluye antecedentes educativos, económicos y laborales de los padres, además de posesiones, libros y características de la construcción de la vivienda.",Familia Quintil 1,0.23877061,0.30242428,0.32986369,0.12894143,725.958362,,,20% más bajo de la muestra,
2.1,Lectura,3,Familia: nivel socioeconómico,"Índice de medición del nivel socioeconómico y cultural de los estudiantes. Es una variable compuesta que incluye antecedentes educativos, económicos y laborales de los padres, además de posesiones, libros y características de la construcción de la vivienda.",Familia Quintil 5,0.080354142,0.07703546,0.42180647,0.42080392,797.121048,,,20% más alto de la muestra,
2.1,Lectura,6,Familia: nivel socioeconómico,"Índice de medición del nivel socioeconómico y cultural de los estudiantes. Es una variable compuesta que incluye antecedentes educativos, económicos y laborales de los padres, además de posesiones, libros y características de la construcción de la vivienda.",Familia Quintil 1,0.093334134,0.58624187,0.21094793,0.10947607,713.825797,,,20% más bajo de la muestra,
2.1,Lectura,6,Familia: nivel socioeconómico,"Índice de medición del nivel socioeconómico y cultural de los estudiantes. Es una variable compuesta que incluye antecedentes educativos, económicos y laborales de los padres, además de posesiones, libros y características de la construcción de la vivienda.",Familia Quintil 5,0.014935341,0.25958945,0.24336494,0.48211027,807.245682,,,20% más alto de la muestra,
2.1,Matemáticas,3,Familia: nivel socioeconómico,"Índice de medición del nivel socioeconómico y cultural de los estudiantes. Es una variable compuesta que incluye antecedentes educativos, económicos y laborales de los padres, además de posesiones, libros y características de la construcción de la vivienda.",Familia Quintil 1,0.313684,0.38205547,0.25712388,0.04713665,720.64946,,,20% más bajo de la muestra,
2.1,Matemáticas,3,Familia: nivel socioeconómico,"Índice de medición del nivel socioeconómico y cultural de los estudiantes. Es una variable compuesta que incluye antecedentes educativos, económicos y laborales de los padres, además de posesiones, libros y características de la construcción de la vivienda.",Familia Quintil 5,0.086375411,0.20129725,0.51258197,0.19974537,794.746957,,,20% más alto de la muestra,
2.1,Matemáticas,6,Familia: nivel socioeconómico,"Índice de medición del nivel socioeconómico y cultural de los estudiantes. Es una variable compuesta que incluye antecedentes educativos, económicos y laborales de los padres, además de posesiones, libros y características de la construcción de la vivienda.",Familia Quintil 1,0.431815575,0.47358345,0.08911587,0.00548511,696.505484,,,20% más bajo de la muestra,
2.1,Matemáticas,6,Familia: nivel socioeconómico,"Índice de medición del nivel socioeconómico y cultural de los estudiantes. Es una variable compuesta que incluye antecedentes educativos, económicos y laborales de los padres, además de posesiones, libros y características de la construcción de la vivienda.",Familia Quintil 5,0.106176022,0.47475918,0.28167391,0.13739088,780.936198,,,20% más alto de la muestra,
2.1,Ciencias,6,Escuela: nivel socioeconómico,Índice de medición del grado de concentración de estudiantes de un nivel socioeconómico similar en una misma escuela. Elaborado a partir del Índice NSE TERCE.,Escuela Quintil 1,0.293641683,0.48172735,0.16766598,0.05696499,716.240552,,,20% más bajo de la muestra,
2.1,Ciencias,6,Escuela: nivel socioeconómico,Índice de medición del grado de concentración de estudiantes de un nivel socioeconómico similar en una misma escuela. Elaborado a partir del Índice NSE TERCE.,Escuela Quintil 5,0.063556246,0.29126394,0.3541545,0.29102531,812.141462,,,20% más alto de la muestra,
2.1,Lectura,3,Escuela: nivel socioeconómico,Índice de medición del grado de concentración de estudiantes de un nivel socioeconómico similar en una misma escuela. Elaborado a partir del Índice NSE TERCE.,Escuela Quintil 1,0.276572565,0.30503115,0.312791,0.10560529,717.839366,,,20% más bajo de la muestra,
2.1,Lectura,3,Escuela: nivel socioeconómico,Índice de medición del grado de concentración de estudiantes de un nivel socioeconómico similar en una misma escuela. Elaborado a partir del Índice NSE TERCE.,Escuela Quintil 5,0.048740765,0.08876,0.40117924,0.46131999,806.957651,,,20% más alto de la muestra,
2.1,Lectura,6,Escuela: nivel socioeconómico,Índice de medición del grado de concentración de estudiantes de un nivel socioeconómico similar en una misma escuela. Elaborado a partir del Índice NSE TERCE.,Escuela Quintil 1,0.088831535,0.58074809,0.20481492,0.12560546,715.603733,,,20% más bajo de la muestra,
2.1,Lectura,6,Escuela: nivel socioeconómico,Índice de medición del grado de concentración de estudiantes de un nivel socioeconómico similar en una misma escuela. Elaborado a partir del Índice NSE TERCE.,Escuela Quintil 5,0.02000648,0.18129071,0.27155628,0.52714653,816.374794,,,20% más alto de la muestra,
2.1,Matemáticas,3,Escuela: nivel socioeconómico,Índice de medición del grado de concentración de estudiantes de un nivel socioeconómico similar en una misma escuela. Elaborado a partir del Índice NSE TERCE.,Escuela Quintil 1,0.365732812,0.35673214,0.22952196,0.04801308,714.661116,,,20% más bajo de la muestra,
2.1,Matemáticas,3,Escuela: nivel socioeconómico,Índice de medición del grado de concentración de estudiantes de un nivel socioeconómico similar en una misma escuela. Elaborado a partir del Índice NSE TERCE.,Escuela Quintil 5,0.055163938,0.22454625,0.48728811,0.23300171,800.759314,,,20% más alto de la muestra,
2.1,Matemáticas,6,Escuela: nivel socioeconómico,Índice de medición del grado de concentración de estudiantes de un nivel socioeconómico similar en una misma escuela. Elaborado a partir del Índice NSE TERCE.,Escuela Quintil 1,0.442782605,0.45590567,0.09264944,0.00866229,693.940775,,,20% más bajo de la muestra,
2.1,Matemáticas,6,Escuela: nivel socioeconómico,Índice de medición del grado de concentración de estudiantes de un nivel socioeconómico similar en una misma escuela. Elaborado a partir del Índice NSE TERCE.,Escuela Quintil 5,0.095951799,0.41488754,0.3230067,0.16615396,794.166921,,,20% más alto de la muestra,
2.2,Ciencias,6,Repetición de grado,"Indicador de repitencia de grado del estudiante, durante la trayectoria en educación primaria al momento de rendir la prueba TERCE 2013.",No,0.147699207,0.43894411,0.27689457,0.13646211,762.650062,729.024929,800.684045,,
2.2,Lectura,3,Repetición de grado,"Indicador de repitencia de grado del estudiante, durante la trayectoria en educación primaria al momento de rendir la prueba TERCE 2013.",No,0.130519488,0.19724161,0.42598845,0.24625045,760.929884,741.759687,,,
2.2,Lectura,6,Repetición de grado,"Indicador de repitencia de grado del estudiante, durante la trayectoria en educación primaria al momento de rendir la prueba TERCE 2013.",No,0.024163151,0.4165513,0.28402624,0.27525931,764.425092,732.955233,810.565091,,
2.2,Matemáticas,3,Repetición de grado,"Indicador de repitencia de grado del estudiante, durante la trayectoria en educación primaria al momento de rendir la prueba TERCE 2013.",No,0.18078198,0.30800416,0.40585464,0.10535922,755.504514,733.24556,796.853999,,
2.2,Matemáticas,6,Repetición de grado,"Indicador de repitencia de grado del estudiante, durante la trayectoria en educación primaria al momento de rendir la prueba TERCE 2013.",No,0.241463272,0.50886481,0.19310073,0.05657118,739.507047,710.289881,,,
2.2,Ciencias,6,Repetición de grado,"Indicador de repitencia de grado del estudiante, durante la trayectoria en educación primaria al momento de rendir la prueba TERCE 2013.",Sí,0.286474833,0.49096104,0.18497955,0.03758458,714.268411,697.221462,776.278419,,
2.2,Lectura,3,Repetición de grado,"Indicador de repitencia de grado del estudiante, durante la trayectoria en educación primaria al momento de rendir la prueba TERCE 2013.",Sí,0.320661463,0.30675483,0.29813734,0.07444637,705.294218,694.967681,,,
2.2,Lectura,6,Repetición de grado,"Indicador de repitencia de grado del estudiante, durante la trayectoria en educación primaria al momento de rendir la prueba TERCE 2013.",Sí,0.098715614,0.57992124,0.22815684,0.0932063,712.61013,694.167997,772.073482,,
2.2,Matemáticas,3,Repetición de grado,"Indicador de repitencia de grado del estudiante, durante la trayectoria en educación primaria al momento de rendir la prueba TERCE 2013.",Sí,0.404354752,0.34113702,0.21877057,0.03573766,710.122557,696.764225,771.570091,,
2.2,Matemáticas,6,Repetición de grado,"Indicador de repitencia de grado del estudiante, durante la trayectoria en educación primaria al momento de rendir la prueba TERCE 2013.",Sí,0.451470735,0.44595638,0.09346557,0.00910731,697.232798,682.158833,,,
2.2,Ciencias,6,Asistencia en educación inicial entre los 4 y 6 años,"Indicador de asistencia regular del estudiante, durante al menos un año a educación formal inicial al momento de rendir la prueba TERCE en 2013.",Asiste,0.139476037,0.38850344,0.29783806,0.17418246,774.910182,,811.931531,,Elaborado a partir de los cuestionarios de factores asociados de familia TERCE 2013.
2.2,Lectura,3,Asistencia en educación inicial entre los 4 y 6 años,"Indicador de asistencia regular del estudiante, durante al menos un año a educación formal inicial al momento de rendir la prueba TERCE en 2013.",Asiste,0.10074764,0.19328553,0.38952727,0.31643956,773.238415,,817.828572,,Elaborado a partir de los cuestionarios de factores asociados de familia TERCE 2013.
2.2,Lectura,6,Asistencia en educación inicial entre los 4 y 6 años,"Indicador de asistencia regular del estudiante, durante al menos un año a educación formal inicial al momento de rendir la prueba TERCE en 2013.",Asiste,0.024913157,0.35494287,0.28154834,0.33859563,777.296745,,819.850795,,Elaborado a partir de los cuestionarios de factores asociados de familia TERCE 2013.
2.2,Matemáticas,3,Asistencia en educación inicial entre los 4 y 6 años,"Indicador de asistencia regular del estudiante, durante al menos un año a educación formal inicial al momento de rendir la prueba TERCE en 2013.",Asiste,0.171939001,0.26418438,0.41742668,0.14644994,766.338216,,813.813937,,Elaborado a partir de los cuestionarios de factores asociados de familia TERCE 2013.
2.2,Matemáticas,6,Asistencia en educación inicial entre los 4 y 6 años,"Indicador de asistencia regular del estudiante, durante al menos un año a educación formal inicial al momento de rendir la prueba TERCE en 2013.",Asiste,0.215617799,0.47443161,0.21578707,0.09416353,754.32984,,795.63619,,Elaborado a partir de los cuestionarios de factores asociados de familia TERCE 2013.
2.2,Ciencias,6,Asistencia en educación inicial entre los 4 y 6 años,"Indicador de asistencia regular del estudiante, durante al menos un año a educación formal inicial al momento de rendir la prueba TERCE en 2013.",No asiste,0.193226921,0.47303004,0.23280012,0.10094291,744.354745,,786.532525,,Elaborado a partir de los cuestionarios de factores asociados de familia TERCE 2013.
2.2,Lectura,3,Asistencia en educación inicial entre los 4 y 6 años,"Indicador de asistencia regular del estudiante, durante al menos un año a educación formal inicial al momento de rendir la prueba TERCE en 2013.",No asiste,0.197395292,0.22144489,0.40007762,0.1810822,742.080582,,777.890759,,Elaborado a partir de los cuestionarios de factores asociados de familia TERCE 2013.
2.2,Lectura,6,Asistencia en educación inicial entre los 4 y 6 años,"Indicador de asistencia regular del estudiante, durante al menos un año a educación formal inicial al momento de rendir la prueba TERCE en 2013.",No asiste,0.049275799,0.47955303,0.26716429,0.20400688,745.052701,,796.260466,,Elaborado a partir de los cuestionarios de factores asociados de familia TERCE 2013.
2.2,Matemáticas,3,Asistencia en educación inicial entre los 4 y 6 años,"Indicador de asistencia regular del estudiante, durante al menos un año a educación formal inicial al momento de rendir la prueba TERCE en 2013.",No asiste,0.241157087,0.3292912,0.3531336,0.07641811,741.048606,,777.171358,,Elaborado a partir de los cuestionarios de factores asociados de familia TERCE 2013.
2.2,Matemáticas,6,Asistencia en educación inicial entre los 4 y 6 años,"Indicador de asistencia regular del estudiante, durante al menos un año a educación formal inicial al momento de rendir la prueba TERCE en 2013.",No asiste,0.319324889,0.49167021,0.15645699,0.03254791,721.6346,,768.059169,,Elaborado a partir de los cuestionarios de factores asociados de familia TERCE 2013.
2.2,Ciencias,6,Inasistencia mensual,"Indicador de asistencia regular del estudiante, durante un semestre académico al momento de rendir la prueba TERCE 2013.",Mas de una vez,0.227711709,0.47059207,0.22374138,0.07795484,735.80681,,776.020355,,Elaborado a partir de los cuestionarios de factores asociadosde familia TERCE 2013. Se considera inasistencia si ha faltado igual o más de un par de veces por mes.
2.2,Lectura,3,Inasistencia mensual,"Indicador de asistencia regular del estudiante, durante un semestre académico al momento de rendir la prueba TERCE 2013.",Mas de una vez,0.210150251,0.23976704,0.38190479,0.16817791,736.531212,713.434714,779.392028,,Elaborado a partir de los cuestionarios de factores asociadosde familia TERCE 2013. Se considera inasistencia si ha faltado igual o más de un par de veces por mes.
2.2,Lectura,6,Inasistencia mensual,"Indicador de asistencia regular del estudiante, durante un semestre académico al momento de rendir la prueba TERCE 2013.",Mas de una vez,0.06231984,0.50021167,0.27988969,0.15757881,737.727333,705.827237,777.038494,,Elaborado a partir de los cuestionarios de factores asociadosde familia TERCE 2013. Se considera inasistencia si ha faltado igual o más de un par de veces por mes.
2.2,Matemáticas,3,Inasistencia mensual,"Indicador de asistencia regular del estudiante, durante un semestre académico al momento de rendir la prueba TERCE 2013.",Mas de una vez,0.279814666,0.33179781,0.32603802,0.0623495,733.733574,,780.459709,,Elaborado a partir de los cuestionarios de factores asociadosde familia TERCE 2013. Se considera inasistencia si ha faltado igual o más de un par de veces por mes.
2.2,Matemáticas,6,Inasistencia mensual,"Indicador de asistencia regular del estudiante, durante un semestre académico al momento de rendir la prueba TERCE 2013.",Mas de una vez,0.336585763,0.51331956,0.11592007,0.0341746,715.997244,,762.300969,,Elaborado a partir de los cuestionarios de factores asociadosde familia TERCE 2013. Se considera inasistencia si ha faltado igual o más de un par de veces por mes.
2.2,Ciencias,6,Inasistencia mensual,"Indicador de asistencia regular del estudiante, durante un semestre académico al momento de rendir la prueba TERCE 2013.",Menos de una vez,0.170677766,0.44178665,0.25797052,0.12956507,755.805767,,803.813833,,Elaborado a partir de los cuestionarios de factores asociadosde familia TERCE 2013. Se considera inasistencia si ha faltado igual o más de un par de veces por mes.
2.2,Lectura,3,Inasistencia mensual,"Indicador de asistencia regular del estudiante, durante un semestre académico al momento de rendir la prueba TERCE 2013.",Menos de una vez,0.161188642,0.20689245,0.40453319,0.22738571,753.574534,732.402557,801.483936,,Elaborado a partir de los cuestionarios de factores asociadosde familia TERCE 2013. Se considera inasistencia si ha faltado igual o más de un par de veces por mes.
2.2,Lectura,6,Inasistencia mensual,"Indicador de asistencia regular del estudiante, durante un semestre académico al momento de rendir la prueba TERCE 2013.",Menos de una vez,0.038942391,0.43700544,0.26763462,0.25641755,756.516918,717.276897,812.70205,,Elaborado a partir de los cuestionarios de factores asociadosde familia TERCE 2013. Se considera inasistencia si ha faltado igual o más de un par de veces por mes.
2.2,Matemáticas,3,Inasistencia mensual,"Indicador de asistencia regular del estudiante, durante un semestre académico al momento de rendir la prueba TERCE 2013.",Menos de una vez,0.204381875,0.30496884,0.38677186,0.10387743,751.973769,,798.726897,,Elaborado a partir de los cuestionarios de factores asociadosde familia TERCE 2013. Se considera inasistencia si ha faltado igual o más de un par de veces por mes.
2.2,Matemáticas,6,Inasistencia mensual,"Indicador de asistencia regular del estudiante, durante un semestre académico al momento de rendir la prueba TERCE 2013.",Menos de una vez,0.27924607,0.48514191,0.1850495,0.05056252,733.155639,,785.271323,,Elaborado a partir de los cuestionarios de factores asociadosde familia TERCE 2013. Se considera inasistencia si ha faltado igual o más de un par de veces por mes.
2.3,Ciencias,6,Expectativas futuras de los padres,Indicador que determina si los padres esperan que completen la educación superior con los de aquellos cuyos padres tienen menores expectativas.,Llega a la educación superior,0.119596179,0.41902854,0.29393725,0.16743804,772.965195,738.157845,809.327345,,
2.3,Lectura,3,Expectativas futuras de los padres,Indicador que determina si los padres esperan que completen la educación superior con los de aquellos cuyos padres tienen menores expectativas.,Llega a la educación superior,0.118877124,0.1732322,0.43517734,0.27271333,767.377554,742.056949,802.52632,,
2.3,Lectura,6,Expectativas futuras de los padres,Indicador que determina si los padres esperan que completen la educación superior con los de aquellos cuyos padres tienen menores expectativas.,Llega a la educación superior,0.014318786,0.37917977,0.28922075,0.3172807,773.703427,739.1289,815.213062,,
2.3,Matemáticas,3,Expectativas futuras de los padres,Indicador que determina si los padres esperan que completen la educación superior con los de aquellos cuyos padres tienen menores expectativas.,Llega a la educación superior,0.172543714,0.29833791,0.40039025,0.12872813,761.289414,728.139206,798.69326,,
2.3,Matemáticas,6,Expectativas futuras de los padres,Indicador que determina si los padres esperan que completen la educación superior con los de aquellos cuyos padres tienen menores expectativas.,Llega a la educación superior,0.224616994,0.48623731,0.21482438,0.07432131,747.517578,713.489779,786.720873,,
2.3,Ciencias,6,Expectativas futuras de los padres,Indicador que determina si los padres esperan que completen la educación superior con los de aquellos cuyos padres tienen menores expectativas.,No llega a la educación superior,0.2573747,0.49661543,0.19498206,0.05102781,724.597988,707.30248,735.926374,,
2.3,Lectura,3,Expectativas futuras de los padres,Indicador que determina si los padres esperan que completen la educación superior con los de aquellos cuyos padres tienen menores expectativas.,No llega a la educación superior,0.242167927,0.27307821,0.35337634,0.13137753,725.780455,717.280727,761.174758,,
2.3,Lectura,6,Expectativas futuras de los padres,Indicador que determina si los padres esperan que completen la educación superior con los de aquellos cuyos padres tienen menores expectativas.,No llega a la educación superior,0.075381182,0.5500034,0.24459325,0.13002217,726.446128,704.729277,763.476175,,
2.3,Matemáticas,3,Expectativas futuras de los padres,Indicador que determina si los padres esperan que completen la educación superior con los de aquellos cuyos padres tienen menores expectativas.,No llega a la educación superior,0.293616609,0.33652689,0.3259485,0.043908,727.615271,717.237127,767.228655,,
2.3,Matemáticas,6,Expectativas futuras de los padres,Indicador que determina si los padres esperan que completen la educación superior con los de aquellos cuyos padres tienen menores expectativas.,No llega a la educación superior,0.380550746,0.49278336,0.11454864,0.01211725,706.614065,688.692215,748.295295,,
2.3,Ciencias,6,Uso parental de la información escolar para apoyar el aprendizaje del estudiante,Indicador que determina si los padres se invlucran en el proceso educativo de los estudiantes utilizando la información proporcionada por la escuela.,Solamente para conocer el progreso del rendimiento del estudiante en la escuela,0.280822534,0.45412621,0.21632609,0.04872516,721.987336,694.223689,774.08029,,
2.3,Lectura,3,Uso parental de la información escolar para apoyar el aprendizaje del estudiante,Indicador que determina si los padres se invlucran en el proceso educativo de los estudiantes utilizando la información proporcionada por la escuela.,Solamente para conocer el progreso del rendimiento del estudiante en la escuela,0.203121577,0.24174006,0.40164555,0.15349281,736.011743,710.734413,,,
2.3,Lectura,6,Uso parental de la información escolar para apoyar el aprendizaje del estudiante,Indicador que determina si los padres se invlucran en el proceso educativo de los estudiantes utilizando la información proporcionada por la escuela.,Solamente para conocer el progreso del rendimiento del estudiante en la escuela,0.084841532,0.52430635,0.24391215,0.14693997,725.442389,693.570527,,,
2.3,Matemáticas,3,Uso parental de la información escolar para apoyar el aprendizaje del estudiante,Indicador que determina si los padres se invlucran en el proceso educativo de los estudiantes utilizando la información proporcionada por la escuela.,Solamente para conocer el progreso del rendimiento del estudiante en la escuela,0.290497555,0.31632599,0.31078737,0.08238908,732.203188,,,,
2.3,Matemáticas,6,Uso parental de la información escolar para apoyar el aprendizaje del estudiante,Indicador que determina si los padres se invlucran en el proceso educativo de los estudiantes utilizando la información proporcionada por la escuela.,Solamente para conocer el progreso del rendimiento del estudiante en la escuela,0.333746329,0.52491971,0.11501,0.02632396,712.880801,682.224956,754.729607,,
2.3,Ciencias,6,Uso parental de la información escolar para apoyar el aprendizaje del estudiante,Indicador que determina si los padres se invlucran en el proceso educativo de los estudiantes utilizando la información proporcionada por la escuela.,"Para apoyar, llamar la atención o felicitar al estudiante según las notas obtenidas",0.17080695,0.4521487,0.25432553,0.12271882,753.987988,720.308191,801.20853,,
2.3,Lectura,3,Uso parental de la información escolar para apoyar el aprendizaje del estudiante,Indicador que determina si los padres se invlucran en el proceso educativo de los estudiantes utilizando la información proporcionada por la escuela.,"Para apoyar, llamar la atención o felicitar al estudiante según las notas obtenidas",0.170169477,0.21463687,0.3935733,0.22162036,750.992342,730.109988,,,
2.3,Lectura,6,Uso parental de la información escolar para apoyar el aprendizaje del estudiante,Indicador que determina si los padres se invlucran en el proceso educativo de los estudiantes utilizando la información proporcionada por la escuela.,"Para apoyar, llamar la atención o felicitar al estudiante según las notas obtenidas",0.039942296,0.44740187,0.27112754,0.2415283,754.761263,718.699945,,,
2.3,Matemáticas,3,Uso parental de la información escolar para apoyar el aprendizaje del estudiante,Indicador que determina si los padres se invlucran en el proceso educativo de los estudiantes utilizando la información proporcionada por la escuela.,"Para apoyar, llamar la atención o felicitar al estudiante según las notas obtenidas",0.216052103,0.31408004,0.3763067,0.09356116,748.622512,,,,
2.3,Matemáticas,6,Uso parental de la información escolar para apoyar el aprendizaje del estudiante,Indicador que determina si los padres se invlucran en el proceso educativo de los estudiantes utilizando la información proporcionada por la escuela.,"Para apoyar, llamar la atención o felicitar al estudiante según las notas obtenidas",0.289697929,0.48969169,0.17325228,0.0473581,730.178049,699.866092,781.602324,,
2.3,Ciencias,6,Tiempo de estudio y realización de tareas en el hogar,Indicador que determina si los estudiantes dedican por lo menos 30 minutos por día a estudiar materias escolares o hacer tareas en la casa.,Estudia 30 minutos o más al día,0.17696723,0.43791024,0.25588933,0.1292332,755.230143,,804.448326,,
2.3,Lectura,3,Tiempo de estudio y realización de tareas en el hogar,Indicador que determina si los estudiantes dedican por lo menos 30 minutos por día a estudiar materias escolares o hacer tareas en la casa.,Estudia 30 minutos o más al día,0.16476911,0.21656543,0.39415047,0.22451499,751.280715,,,,
2.3,Lectura,6,Tiempo de estudio y realización de tareas en el hogar,Indicador que determina si los estudiantes dedican por lo menos 30 minutos por día a estudiar materias escolares o hacer tareas en la casa.,Estudia 30 minutos o más al día,0.03563259,0.44404652,0.27323454,0.24708635,756.432313,,814.119086,,
2.3,Matemáticas,3,Tiempo de estudio y realización de tareas en el hogar,Indicador que determina si los estudiantes dedican por lo menos 30 minutos por día a estudiar materias escolares o hacer tareas en la casa.,Estudia 30 minutos o más al día,0.21104262,0.32283951,0.37580613,0.09031174,748.450338,,,,
2.3,Matemáticas,6,Tiempo de estudio y realización de tareas en el hogar,Indicador que determina si los estudiantes dedican por lo menos 30 minutos por día a estudiar materias escolares o hacer tareas en la casa.,Estudia 30 minutos o más al día,0.28021563,0.49280267,0.17092426,0.05605745,732.150344,,786.775582,,
2.3,Ciencias,6,Tiempo de estudio y realización de tareas en el hogar,Indicador que determina si los estudiantes dedican por lo menos 30 minutos por día a estudiar materias escolares o hacer tareas en la casa.,Estudia menos de 30 minutos al día,0.19471731,0.47758187,0.23789939,0.08980143,742.652506,,784.780462,,
2.3,Lectura,3,Tiempo de estudio y realización de tareas en el hogar,Indicador que determina si los estudiantes dedican por lo menos 30 minutos por día a estudiar materias escolares o hacer tareas en la casa.,Estudia menos de 30 minutos al día,0.19248259,0.21810596,0.40192887,0.18748257,744.688047,,,,
2.3,Lectura,6,Tiempo de estudio y realización de tareas en el hogar,Indicador que determina si los estudiantes dedican por lo menos 30 minutos por día a estudiar materias escolares o hacer tareas en la casa.,Estudia menos de 30 minutos al día,0.05958674,0.47660613,0.25929457,0.20451255,743.249828,,791.711545,,
2.3,Matemáticas,3,Tiempo de estudio y realización de tareas en el hogar,Indicador que determina si los estudiantes dedican por lo menos 30 minutos por día a estudiar materias escolares o hacer tareas en la casa.,Estudia menos de 30 minutos al día,0.25533302,0.30196007,0.34864227,0.09406463,742.336236,,,,
2.3,Matemáticas,6,Tiempo de estudio y realización de tareas en el hogar,Indicador que determina si los estudiantes dedican por lo menos 30 minutos por día a estudiar materias escolares o hacer tareas en la casa.,Estudia menos de 30 minutos al día,0.3193599,0.49032471,0.1617794,0.02853599,722.324332,,768.273974,,
2.3,Ciencias,6,Supervisión de estudios,"Índice que mide la frecuencia con que los padres preguntan a los estudiantes sobre sus actividades en la escuela, la realización de sus tareas y las notas obtenidas. El cuartil inferior indica al 25% con índice de menor supervisión de estudios.",Resto de la muestra,0.182139493,0.44809886,0.2497466,0.12001504,,,,,
2.3,Lectura,3,Supervisión de estudios,"Índice que mide la frecuencia con que los padres preguntan a los estudiantes sobre sus actividades en la escuela, la realización de sus tareas y las notas obtenidas. El cuartil inferior indica al 25% con índice de menor supervisión de estudios.",Resto de la muestra,0.159245712,0.19924739,0.40683605,0.23467084,754.328522,737.634279,799.803685,,
2.3,Lectura,6,Supervisión de estudios,"Índice que mide la frecuencia con que los padres preguntan a los estudiantes sobre sus actividades en la escuela, la realización de sus tareas y las notas obtenidas. El cuartil inferior indica al 25% con índice de menor supervisión de estudios.",Resto de la muestra,0.037819789,0.44599124,0.27564963,0.24053935,754.367682,717.609516,,,
2.3,Matemáticas,3,Supervisión de estudios,"Índice que mide la frecuencia con que los padres preguntan a los estudiantes sobre sus actividades en la escuela, la realización de sus tareas y las notas obtenidas. El cuartil inferior indica al 25% con índice de menor supervisión de estudios.",Resto de la muestra,0.210283989,0.31070166,0.37943049,0.09958386,750.602667,730.841744,,,
2.3,Matemáticas,6,Supervisión de estudios,"Índice que mide la frecuencia con que los padres preguntan a los estudiantes sobre sus actividades en la escuela, la realización de sus tareas y las notas obtenidas. El cuartil inferior indica al 25% con índice de menor supervisión de estudios.",Resto de la muestra,0.296891885,0.48833145,0.16962219,0.04515447,,,,,
2.3,Ciencias,6,Supervisión de estudios,"Índice que mide la frecuencia con que los padres preguntan a los estudiantes sobre sus actividades en la escuela, la realización de sus tareas y las notas obtenidas. El cuartil inferior indica al 25% con índice de menor supervisión de estudios.",Cuartil inferior,0.194710213,0.45946206,0.24820496,0.09762277,,,,El cuartil inferior indica al 25% con índice de menor supervisión de estudios con respecto al resto de la muestra.,
2.3,Lectura,3,Supervisión de estudios,"Índice que mide la frecuencia con que los padres preguntan a los estudiantes sobre sus actividades en la escuela, la realización de sus tareas y las notas obtenidas. El cuartil inferior indica al 25% con índice de menor supervisión de estudios.",Cuartil inferior,0.213116683,0.26438063,0.37599079,0.1465119,734.725336,710.673602,782.930196,El cuartil inferior indica al 25% con índice de menor supervisión de estudios con respecto al resto de la muestra.,
2.3,Lectura,6,Supervisión de estudios,"Índice que mide la frecuencia con que los padres preguntan a los estudiantes sobre sus actividades en la escuela, la realización de sus tareas y las notas obtenidas. El cuartil inferior indica al 25% con índice de menor supervisión de estudios.",Cuartil inferior,0.06407069,0.4911275,0.24558662,0.19921519,741.933793,703.858329,,El cuartil inferior indica al 25% con índice de menor supervisión de estudios con respecto al resto de la muestra.,
2.3,Matemáticas,3,Supervisión de estudios,"Índice que mide la frecuencia con que los padres preguntan a los estudiantes sobre sus actividades en la escuela, la realización de sus tareas y las notas obtenidas. El cuartil inferior indica al 25% con índice de menor supervisión de estudios.",Cuartil inferior,0.268238694,0.32529477,0.33445827,0.07200827,735.47205,707.841359,,El cuartil inferior indica al 25% con índice de menor supervisión de estudios con respecto al resto de la muestra.,
2.3,Matemáticas,6,Supervisión de estudios,"Índice que mide la frecuencia con que los padres preguntan a los estudiantes sobre sus actividades en la escuela, la realización de sus tareas y las notas obtenidas. El cuartil inferior indica al 25% con índice de menor supervisión de estudios.",Cuartil inferior,0.297179099,0.49218418,0.16398059,0.04665613,,,,El cuartil inferior indica al 25% con índice de menor supervisión de estudios con respecto al resto de la muestra.,
2.4,Ciencias,6,Trabajo infantil,Indicador de los estudiantes que reportaron trabajar fuera de su hogar por una remuneración.,No,0.17886595,0.44933856,0.25704227,0.11475323,,716.351009,,,
2.4,Lectura,3,Trabajo infantil,Indicador de los estudiantes que reportaron trabajar fuera de su hogar por una remuneración.,No,0.16357269,0.21616711,0.40466049,0.21559972,750.943194,,,,
2.4,Lectura,6,Trabajo infantil,Indicador de los estudiantes que reportaron trabajar fuera de su hogar por una remuneración.,No,0.04174649,0.45154294,0.27096759,0.23574298,,,,,
2.4,Matemáticas,3,Trabajo infantil,Indicador de los estudiantes que reportaron trabajar fuera de su hogar por una remuneración.,No,0.21265317,0.31970123,0.37368597,0.09395963,748.617356,,,,
2.4,Matemáticas,6,Trabajo infantil,Indicador de los estudiantes que reportaron trabajar fuera de su hogar por una remuneración.,No,0.29111934,0.49288655,0.1698368,0.04615731,,,,,
2.4,Ciencias,6,Trabajo infantil,Indicador de los estudiantes que reportaron trabajar fuera de su hogar por una remuneración.,Sí,0.17373048,0.47063542,0.23041468,0.12521942,,752.672186,,,
2.4,Lectura,3,Trabajo infantil,Indicador de los estudiantes que reportaron trabajar fuera de su hogar por una remuneración.,Sí,0.23728032,0.32559837,0.30284857,0.13427274,727.55647,,,,
2.4,Lectura,6,Trabajo infantil,Indicador de los estudiantes que reportaron trabajar fuera de su hogar por una remuneración.,Sí,0.03083304,0.51457218,0.26250772,0.19208706,,,,,
2.4,Matemáticas,3,Trabajo infantil,Indicador de los estudiantes que reportaron trabajar fuera de su hogar por una remuneración.,Sí,0.3768985,0.23793211,0.31561677,0.06955261,722.536622,,,,
2.4,Matemáticas,6,Trabajo infantil,Indicador de los estudiantes que reportaron trabajar fuera de su hogar por una remuneración.,Sí,0.23836267,0.52090201,0.21901053,0.02172479,,,,,
2.4,Ciencias,6,Pertenencia a etnia indígena,Indicador de pertenencia del estudiante a un grupo de población indígena: son aquellos cuya familia les habla principalmente en lengua indígena dentro del hogar y cuyas madres se identifican como pertenecientes a una etnia originaria.,No pertenece,0.18817869,0.45064658,0.24886062,0.11231412,,,,"Este país no cumple con esta condición, por lo que no fue incluido en el análisis de esta variable.","El análisis de estas variables se realizó para los países participantes con un porcentaje de estudiantes indígenas mayor a 1%, ya sea en tercer grado, sexto grado o ambos grados."
2.4,Lectura,3,Pertenencia a etnia indígena,Indicador de pertenencia del estudiante a un grupo de población indígena: son aquellos cuya familia les habla principalmente en lengua indígena dentro del hogar y cuyas madres se identifican como pertenecientes a una etnia originaria.,No pertenece,0.17607701,0.21979521,0.39433685,0.20979093,,,,"Este país no cumple con esta condición, por lo que no fue incluido en el análisis de esta variable.","El análisis de estas variables se realizó para los países participantes con un porcentaje de estudiantes indígenas mayor a 1%, ya sea en tercer grado, sexto grado o ambos grados."
2.4,Lectura,6,Pertenencia a etnia indígena,Indicador de pertenencia del estudiante a un grupo de población indígena: son aquellos cuya familia les habla principalmente en lengua indígena dentro del hogar y cuyas madres se identifican como pertenecientes a una etnia originaria.,No pertenece,0.04498754,0.45877595,0.26792504,0.22831147,,,,"Este país no cumple con esta condición, por lo que no fue incluido en el análisis de esta variable.","El análisis de estas variables se realizó para los países participantes con un porcentaje de estudiantes indígenas mayor a 1%, ya sea en tercer grado, sexto grado o ambos grados."
2.4,Matemáticas,3,Pertenencia a etnia indígena,Indicador de pertenencia del estudiante a un grupo de población indígena: son aquellos cuya familia les habla principalmente en lengua indígena dentro del hogar y cuyas madres se identifican como pertenecientes a una etnia originaria.,No pertenece,0.23137462,0.31305036,0.36502378,0.09055124,,,,"Este país no cumple con esta condición, por lo que no fue incluido en el análisis de esta variable.","El análisis de estas variables se realizó para los países participantes con un porcentaje de estudiantes indígenas mayor a 1%, ya sea en tercer grado, sexto grado o ambos grados."
2.4,Matemáticas,6,Pertenencia a etnia indígena,Indicador de pertenencia del estudiante a un grupo de población indígena: son aquellos cuya familia les habla principalmente en lengua indígena dentro del hogar y cuyas madres se identifican como pertenecientes a una etnia originaria.,No pertenece,0.29919114,0.48906822,0.16722642,0.04451423,,,,"Este país no cumple con esta condición, por lo que no fue incluido en el análisis de esta variable.","El análisis de estas variables se realizó para los países participantes con un porcentaje de estudiantes indígenas mayor a 1%, ya sea en tercer grado, sexto grado o ambos grados."
2.4,Ciencias,6,Pertenencia a grupo de población migrante,"Indicador de pertenencia del estudiante a un grupo de población migrante: son a aquellos niños cuyos padres y ellos mismos nacieron en un país extranjero. Los análisis revelan que solo el 4,2% de los estudiantes participantes en el estudio cumplen esta condición.",No pertenece,0.184263605,0.45326331,0.24688451,0.11558857,750.511418,,,,"El análisis de estas variables se realizó para los países participantes con un porcentaje de estudiantes migrantes mayor a 1%, ya sea en tercer grado, sexto grado o ambos grados."
2.4,Lectura,3,Pertenencia a grupo de población migrante,"Indicador de pertenencia del estudiante a un grupo de población migrante: son a aquellos niños cuyos padres y ellos mismos nacieron en un país extranjero. Los análisis revelan que solo el 4,2% de los estudiantes participantes en el estudio cumplen esta condición.",No pertenece,0.176725806,0.21667836,0.39668933,0.20990651,,,,,"El análisis de estas variables se realizó para los países participantes con un porcentaje de estudiantes migrantes mayor a 1%, ya sea en tercer grado, sexto grado o ambos grados."
2.4,Lectura,6,Pertenencia a grupo de población migrante,"Indicador de pertenencia del estudiante a un grupo de población migrante: son a aquellos niños cuyos padres y ellos mismos nacieron en un país extranjero. Los análisis revelan que solo el 4,2% de los estudiantes participantes en el estudio cumplen esta condición.",No pertenece,0.045278475,0.45510511,0.26884892,0.2307675,751.334878,,,,"El análisis de estas variables se realizó para los países participantes con un porcentaje de estudiantes migrantes mayor a 1%, ya sea en tercer grado, sexto grado o ambos grados."
2.4,Matemáticas,3,Pertenencia a grupo de población migrante,"Indicador de pertenencia del estudiante a un grupo de población migrante: son a aquellos niños cuyos padres y ellos mismos nacieron en un país extranjero. Los análisis revelan que solo el 4,2% de los estudiantes participantes en el estudio cumplen esta condición.",No pertenece,0.227443969,0.3146075,0.36637959,0.09156895,,,,,"El análisis de estas variables se realizó para los países participantes con un porcentaje de estudiantes migrantes mayor a 1%, ya sea en tercer grado, sexto grado o ambos grados."
2.4,Matemáticas,6,Pertenencia a grupo de población migrante,"Indicador de pertenencia del estudiante a un grupo de población migrante: son a aquellos niños cuyos padres y ellos mismos nacieron en un país extranjero. Los análisis revelan que solo el 4,2% de los estudiantes participantes en el estudio cumplen esta condición.",No pertenece,0.297610707,0.49020945,0.16685821,0.04532163,,,,,"El análisis de estas variables se realizó para los países participantes con un porcentaje de estudiantes migrantes mayor a 1%, ya sea en tercer grado, sexto grado o ambos grados."
2.4,Ciencias,6,Pertenencia a grupo de población migrante,"Indicador de pertenencia del estudiante a un grupo de población migrante: son a aquellos niños cuyos padres y ellos mismos nacieron en un país extranjero. Los análisis revelan que solo el 4,2% de los estudiantes participantes en el estudio cumplen esta condición.",Pertenece,0.231907099,0.4518914,0.24184309,0.07435841,732.424942,,,,"El análisis de estas variables se realizó para los países participantes con un porcentaje de estudiantes migrantes mayor a 1%, ya sea en tercer grado, sexto grado o ambos grados."
2.4,Lectura,3,Pertenencia a grupo de población migrante,"Indicador de pertenencia del estudiante a un grupo de población migrante: son a aquellos niños cuyos padres y ellos mismos nacieron en un país extranjero. Los análisis revelan que solo el 4,2% de los estudiantes participantes en el estudio cumplen esta condición.",Pertenece,0.067458702,0.32644052,0.51115015,0.09495063,,,,,"El análisis de estas variables se realizó para los países participantes con un porcentaje de estudiantes migrantes mayor a 1%, ya sea en tercer grado, sexto grado o ambos grados."
2.4,Lectura,6,Pertenencia a grupo de población migrante,"Indicador de pertenencia del estudiante a un grupo de población migrante: son a aquellos niños cuyos padres y ellos mismos nacieron en un país extranjero. Los análisis revelan que solo el 4,2% de los estudiantes participantes en el estudio cumplen esta condición.",Pertenece,0.011922386,0.55680688,0.26985989,0.16141085,738.358842,,,,"El análisis de estas variables se realizó para los países participantes con un porcentaje de estudiantes migrantes mayor a 1%, ya sea en tercer grado, sexto grado o ambos grados."
2.4,Matemáticas,3,Pertenencia a grupo de población migrante,"Indicador de pertenencia del estudiante a un grupo de población migrante: son a aquellos niños cuyos padres y ellos mismos nacieron en un país extranjero. Los análisis revelan que solo el 4,2% de los estudiantes participantes en el estudio cumplen esta condición.",Pertenece,0.357835034,0.30517905,0.26832598,0.06865994,,,,,"El análisis de estas variables se realizó para los países participantes con un porcentaje de estudiantes migrantes mayor a 1%, ya sea en tercer grado, sexto grado o ambos grados."
2.4,Matemáticas,6,Pertenencia a grupo de población migrante,"Indicador de pertenencia del estudiante a un grupo de población migrante: son a aquellos niños cuyos padres y ellos mismos nacieron en un país extranjero. Los análisis revelan que solo el 4,2% de los estudiantes participantes en el estudio cumplen esta condición.",Pertenece,0.334311104,0.46505972,0.15246925,0.04815992,,,,,"El análisis de estas variables se realizó para los países participantes con un porcentaje de estudiantes migrantes mayor a 1%, ya sea en tercer grado, sexto grado o ambos grados."
2.4,Ciencias,6,Pertenencia a etnia indígena,Indicador de pertenencia del estudiante a un grupo de población indígena: son aquellos cuya familia les habla principalmente en lengua indígena dentro del hogar y cuyas madres se identifican como pertenecientes a una etnia originaria.,Pertenece,0,0,0,0,,,,"Este país no cumple con esta condición, por lo que no fue incluido en el análisis de esta variable.","El análisis de estas variables se realizó para los países participantes con un porcentaje de estudiantes indígenas mayor a 1%, ya sea en tercer grado, sexto grado o ambos grados."
2.4,Lectura,3,Pertenencia a etnia indígena,Indicador de pertenencia del estudiante a un grupo de población indígena: son aquellos cuya familia les habla principalmente en lengua indígena dentro del hogar y cuyas madres se identifican como pertenecientes a una etnia originaria.,Pertenece,0,0,0,0,,,,"Este país no cumple con esta condición, por lo que no fue incluido en el análisis de esta variable.","El análisis de estas variables se realizó para los países participantes con un porcentaje de estudiantes indígenas mayor a 1%, ya sea en tercer grado, sexto grado o ambos grados."
2.4,Lectura,6,Pertenencia a etnia indígena,Indicador de pertenencia del estudiante a un grupo de población indígena: son aquellos cuya familia les habla principalmente en lengua indígena dentro del hogar y cuyas madres se identifican como pertenecientes a una etnia originaria.,Pertenece,0,0,0,0,,,,"Este país no cumple con esta condición, por lo que no fue incluido en el análisis de esta variable.","El análisis de estas variables se realizó para los países participantes con un porcentaje de estudiantes indígenas mayor a 1%, ya sea en tercer grado, sexto grado o ambos grados."
2.4,Matemáticas,3,Pertenencia a etnia indígena,Indicador de pertenencia del estudiante a un grupo de población indígena: son aquellos cuya familia les habla principalmente en lengua indígena dentro del hogar y cuyas madres se identifican como pertenecientes a una etnia originaria.,Pertenece,0,0,0,0,,,,"Este país no cumple con esta condición, por lo que no fue incluido en el análisis de esta variable.","El análisis de estas variables se realizó para los países participantes con un porcentaje de estudiantes indígenas mayor a 1%, ya sea en tercer grado, sexto grado o ambos grados."
2.4,Matemáticas,6,Pertenencia a etnia indígena,Indicador de pertenencia del estudiante a un grupo de población indígena: son aquellos cuya familia les habla principalmente en lengua indígena dentro del hogar y cuyas madres se identifican como pertenecientes a una etnia originaria.,Pertenece,0,0,0,0,,,,"Este país no cumple con esta condición, por lo que no fue incluido en el análisis de esta variable.","El análisis de estas variables se realizó para los países participantes con un porcentaje de estudiantes indígenas mayor a 1%, ya sea en tercer grado, sexto grado o ambos grados."
3.1,Ciencias,6,Título de profesor,Indica si el docente posee un título de profesor.,No,0.020765405,0.26895562,0.34492035,0.36535863,823.663946,,832.213964,,
3.1,Lectura,3,Título de profesor,Indica si el docente posee un título de profesor.,No,0.183537214,0.13279532,0.47575582,0.20791165,,666.242099,,,
3.1,Lectura,6,Título de profesor,Indica si el docente posee un título de profesor.,No,0.019756151,0.24547805,0.17867716,0.55608864,828.140106,,,,
3.1,Matemáticas,3,Título de profesor,Indica si el docente posee un título de profesor.,No,0.158342837,0.28327908,0.4656443,0.09273378,762.224541,755.89946,,,
3.1,Matemáticas,6,Título de profesor,Indica si el docente posee un título de profesor.,No,0.149841486,0.32622388,0.43117766,0.09275698,779.962923,,,,
3.1,Ciencias,6,Título de profesor,Indica si el docente posee un título de profesor.,Sí,0.192379103,0.45703225,0.24284054,0.1077481,747.451368,,796.033603,,
3.1,Lectura,3,Título de profesor,Indica si el docente posee un título de profesor.,Sí,0.168256062,0.21905651,0.39452774,0.2181597,,729.258267,,,
3.1,Lectura,6,Título de profesor,Indica si el docente posee un título de profesor.,Sí,0.045631891,0.46014463,0.26899879,0.22522469,749.933729,,,,
3.1,Matemáticas,3,Título de profesor,Indica si el docente posee un título de profesor.,Sí,0.229695905,0.30271067,0.37456116,0.09303227,746.362619,722.01918,,,
3.1,Matemáticas,6,Título de profesor,Indica si el docente posee un título de profesor.,Sí,0.298868535,0.49021736,0.16573009,0.04518402,727.706285,,,,
3.1,Ciencias,6,Formación docente en modalidad de estudio presencial,Indica si el docente cursó la carrera en modalidad presencial.,No,0.145200727,0.44284158,0.28550317,0.12645453,759.899144,731.032963,,,
3.1,Lectura,3,Formación docente en modalidad de estudio presencial,Indica si el docente cursó la carrera en modalidad presencial.,No,0.183098157,0.22613782,0.38377873,0.2069853,,713.092349,,,
3.1,Lectura,6,Formación docente en modalidad de estudio presencial,Indica si el docente cursó la carrera en modalidad presencial.,No,0.03082882,0.44683399,0.2730277,0.2493095,758.339991,726.071921,,,
3.1,Matemáticas,3,Formación docente en modalidad de estudio presencial,Indica si el docente cursó la carrera en modalidad presencial.,No,0.2296069,0.33161697,0.34204943,0.0967267,,,,,
3.1,Matemáticas,6,Formación docente en modalidad de estudio presencial,Indica si el docente cursó la carrera en modalidad presencial.,No,0.270889087,0.50160663,0.17545039,0.05205389,734.892816,702.937719,,,
3.1,Ciencias,6,Formación docente en modalidad de estudio presencial,Indica si el docente cursó la carrera en modalidad presencial.,Sí,0.210057156,0.45586429,0.22545618,0.10862238,744.272941,708.194846,,,
3.1,Lectura,3,Formación docente en modalidad de estudio presencial,Indica si el docente cursó la carrera en modalidad presencial.,Sí,0.170643807,0.21412178,0.40261691,0.21261751,,732.42234,,,
3.1,Lectura,6,Formación docente en modalidad de estudio presencial,Indica si el docente cursó la carrera en modalidad presencial.,Sí,0.054120194,0.47221788,0.255651,0.21801093,746.210365,708.338162,,,
3.1,Matemáticas,3,Formación docente en modalidad de estudio presencial,Indica si el docente cursó la carrera en modalidad presencial.,Sí,0.228163009,0.30475043,0.37663936,0.0904472,,,,,
3.1,Matemáticas,6,Formación docente en modalidad de estudio presencial,Indica si el docente cursó la carrera en modalidad presencial.,Sí,0.323970707,0.46952244,0.1649553,0.04155155,723.480769,692.195613,,,
3.1,Ciencias,6,Duración de la carrera docente mayor a 7 semestres,Indica si la formación inicial del docente tuvo una duración mayor o igual a 7 semestres.,No,0.26309539,0.40024582,0.22191529,0.1147435,739.058443,703.036325,,,
3.1,Lectura,3,Duración de la carrera docente mayor a 7 semestres,Indica si la formación inicial del docente tuvo una duración mayor o igual a 7 semestres.,No,0.188550833,0.24785742,0.39635772,0.16723402,741.434052,713.814004,,,
3.1,Lectura,6,Duración de la carrera docente mayor a 7 semestres,Indica si la formación inicial del docente tuvo una duración mayor o igual a 7 semestres.,No,0.054912956,0.49288839,0.24429233,0.20790632,744.214431,,,,
3.1,Matemáticas,3,Duración de la carrera docente mayor a 7 semestres,Indica si la formación inicial del docente tuvo una duración mayor o igual a 7 semestres.,No,0.240222195,0.32403234,0.34848561,0.08725986,,,,,
3.1,Matemáticas,6,Duración de la carrera docente mayor a 7 semestres,Indica si la formación inicial del docente tuvo una duración mayor o igual a 7 semestres.,No,0.381930102,0.43697964,0.14816302,0.03292724,714.887164,684.318755,,,
3.1,Ciencias,6,Duración de la carrera docente mayor a 7 semestres,Indica si la formación inicial del docente tuvo una duración mayor o igual a 7 semestres.,Sí,0.168035609,0.46430476,0.25415501,0.11350462,752.223778,718.524504,,,
3.1,Lectura,3,Duración de la carrera docente mayor a 7 semestres,Indica si la formación inicial del docente tuvo una duración mayor o igual a 7 semestres.,Sí,0.170392125,0.20607151,0.40007555,0.22346082,750.89104,730.683316,,,
3.1,Lectura,6,Duración de la carrera docente mayor a 7 semestres,Indica si la formación inicial del docente tuvo una duración mayor o igual a 7 semestres.,Sí,0.042138798,0.45330601,0.27180275,0.23275244,752.203535,,,,
3.1,Matemáticas,3,Duración de la carrera docente mayor a 7 semestres,Indica si la formación inicial del docente tuvo una duración mayor o igual a 7 semestres.,Sí,0.225132066,0.30770472,0.37431514,0.09284808,,,,,
3.1,Matemáticas,6,Duración de la carrera docente mayor a 7 semestres,Indica si la formación inicial del docente tuvo una duración mayor o igual a 7 semestres.,Sí,0.281760497,0.49693152,0.17278613,0.04852186,731.053052,699.190393,,,
3.1,Ciencias,6,Perfeccionamiento disciplinario docente en ciencias,Indica la participación docente en instancias de formación continua de la disciplina.,No,0.1943256,0.45194538,0.24828778,0.10544125,746.966538,712.352788,,,
3.1,Ciencias,6,Perfeccionamiento disciplinario docente en ciencias,Indica la participación docente en instancias de formación continua de la disciplina.,Sí,0.162363345,0.44959623,0.24188672,0.14615371,759.089221,726.332582,,,
3.1,Matemáticas,3,Perfeccionamiento disciplinario docente en matemáticas,Indica la participación docente en instancias de formación continua de la disciplina.,No,0.216617289,0.29642378,0.38989845,0.09706048,749.967796,724.014915,800.067178,,
3.1,Matemáticas,6,Perfeccionamiento disciplinario docente en matemáticas,Indica la participación docente en instancias de formación continua de la disciplina.,No,0.308300161,0.4871719,0.16209306,0.04243488,725.423208,688.79058,,,
3.1,Matemáticas,3,Perfeccionamiento disciplinario docente en matemáticas,Indica la participación docente en instancias de formación continua de la disciplina.,Sí,0.258572478,0.3443806,0.31969111,0.07735581,736.044488,714.45716,769.656345,,
3.1,Matemáticas,6,Perfeccionamiento disciplinario docente en matemáticas,Indica la participación docente en instancias de formación continua de la disciplina.,Sí,0.288120815,0.49278912,0.16953091,0.04955916,731.51432,705.345083,,,
3.1,Lectura,3,Perfeccionamiento disciplinario docente en lenguaje,Indica la participación docente en instancias de formación continua de la disciplina.,No,0.17745834,0.21520968,0.38499831,0.22233367,,,801.442152,,
3.1,Lectura,6,Perfeccionamiento disciplinario docente en lenguaje,Indica la participación docente en instancias de formación continua de la disciplina.,No,0.048327361,0.45837697,0.26278324,0.23051243,,,,,
3.1,Lectura,3,Perfeccionamiento disciplinario docente en lenguaje,Indica la participación docente en instancias de formación continua de la disciplina.,Sí,0.171846465,0.23507401,0.40773311,0.18534642,,,780.964172,,
3.1,Lectura,6,Perfeccionamiento disciplinario docente en lenguaje,Indica la participación docente en instancias de formación continua de la disciplina.,Sí,0.039072501,0.48209438,0.26713849,0.21169462,,,,,
3.2,Ciencias,6,Asistencia y puntualidad del docente,Índice estandarizado de asistencia y puntualidad del docente. El cuartil inferior indica al 25% con índice de menor asistencia y puntualidad del docente.,Cuartil inferior,0.213346325,0.47142166,0.23369234,0.08153967,737.392413,,773.91487,El cuartil inferior indica al 25% con índice de menor supervisión de estudios con respecto al resto de la muestra.,
3.2,Lectura,3,Asistencia y puntualidad del docente,Índice estandarizado de asistencia y puntualidad del docente. El cuartil inferior indica al 25% con índice de menor asistencia y puntualidad del docente.,Cuartil inferior,0.248620345,0.2130527,0.37876547,0.15956148,731.759336,713.021943,782.794666,El cuartil inferior indica al 25% con índice de menor supervisión de estudios con respecto al resto de la muestra.,
3.2,Lectura,6,Asistencia y puntualidad del docente,Índice estandarizado de asistencia y puntualidad del docente. El cuartil inferior indica al 25% con índice de menor asistencia y puntualidad del docente.,Cuartil inferior,0.077935076,0.49787333,0.23948078,0.18471082,735.40583,,775.555841,El cuartil inferior indica al 25% con índice de menor supervisión de estudios con respecto al resto de la muestra.,
3.2,Matemáticas,3,Asistencia y puntualidad del docente,Índice estandarizado de asistencia y puntualidad del docente. El cuartil inferior indica al 25% con índice de menor asistencia y puntualidad del docente.,Cuartil inferior,0.254173674,0.35005966,0.32193565,0.07383101,735.616493,,,El cuartil inferior indica al 25% con índice de menor supervisión de estudios con respecto al resto de la muestra.,
3.2,Matemáticas,6,Asistencia y puntualidad del docente,Índice estandarizado de asistencia y puntualidad del docente. El cuartil inferior indica al 25% con índice de menor asistencia y puntualidad del docente.,Cuartil inferior,0.319740014,0.51479701,0.13290512,0.03255786,718.35115,,763.969261,El cuartil inferior indica al 25% con índice de menor supervisión de estudios con respecto al resto de la muestra.,
3.2,Ciencias,6,Asistencia y puntualidad del docente,Índice estandarizado de asistencia y puntualidad del docente. El cuartil inferior indica al 25% con índice de menor asistencia y puntualidad del docente.,Resto de la muestra,0.172762516,0.44340445,0.25898745,0.12484559,755.023476,,804.96286,,
3.2,Lectura,3,Asistencia y puntualidad del docente,Índice estandarizado de asistencia y puntualidad del docente. El cuartil inferior indica al 25% con índice de menor asistencia y puntualidad del docente.,Resto de la muestra,0.151149261,0.22132198,0.40166056,0.2258682,754.222935,730.18288,802.21846,,
3.2,Lectura,6,Asistencia y puntualidad del docente,Índice estandarizado de asistencia y puntualidad del docente. El cuartil inferior indica al 25% con índice de menor asistencia y puntualidad del docente.,Resto de la muestra,0.032057186,0.44252866,0.27901907,0.24639509,756.789013,,814.448423,,
3.2,Matemáticas,3,Asistencia y puntualidad del docente,Índice estandarizado de asistencia y puntualidad del docente. El cuartil inferior indica al 25% con índice de menor asistencia y puntualidad del docente.,Resto de la muestra,0.218682949,0.30178067,0.38262232,0.09691406,749.593635,,,,
3.2,Matemáticas,6,Asistencia y puntualidad del docente,Índice estandarizado de asistencia y puntualidad del docente. El cuartil inferior indica al 25% con índice de menor asistencia y puntualidad del docente.,Resto de la muestra,0.283231586,0.48509002,0.18165624,0.05002216,732.96032,,785.113951,,
3.3,Ciencias,6,Disponibilidad de libro para clase de lenguaje,El estudiante dispone del libro de texto de la asignatura.,No,0.202739013,0.46804348,0.23356271,0.09565479,742.775527,,777.896211,,
3.3,Lectura,3,Disponibilidad de libro para clase de lenguaje,El estudiante dispone del libro de texto de la asignatura.,No,0.155190398,0.21735511,0.40231268,0.22514181,754.789022,,,,
3.3,Lectura,6,Disponibilidad de libro para clase de lenguaje,El estudiante dispone del libro de texto de la asignatura.,No,0.048506113,0.50252076,0.2611331,0.18784003,741.551141,,780.770363,,
3.3,Matemáticas,3,Disponibilidad de libro para clase de lenguaje,El estudiante dispone del libro de texto de la asignatura.,No,0.210700419,0.28140165,0.40138293,0.106515,754.465119,737.401113,,,
3.3,Matemáticas,6,Disponibilidad de libro para clase de lenguaje,El estudiante dispone del libro de texto de la asignatura.,No,0.319649607,0.50441059,0.14430477,0.03163503,720.777251,694.500913,760.829362,,
3.3,Ciencias,6,Disponibilidad de libro para clase de lenguaje,El estudiante dispone del libro de texto de la asignatura.,Sí,0.154331918,0.41728084,0.28702666,0.14136058,763.034129,,814.438403,,
3.3,Lectura,3,Disponibilidad de libro para clase de lenguaje,El estudiante dispone del libro de texto de la asignatura.,Sí,0.176773806,0.21946304,0.39836361,0.20539955,747.639431,,,,
3.3,Lectura,6,Disponibilidad de libro para clase de lenguaje,El estudiante dispone del libro de texto de la asignatura.,Sí,0.039702511,0.38424693,0.28026514,0.29578543,766.223458,,826.973319,,
3.3,Matemáticas,3,Disponibilidad de libro para clase de lenguaje,El estudiante dispone del libro de texto de la asignatura.,Sí,0.229718567,0.32261523,0.36070739,0.08695881,744.23314,716.797077,,,
3.3,Matemáticas,6,Disponibilidad de libro para clase de lenguaje,El estudiante dispone del libro de texto de la asignatura.,Sí,0.247835126,0.47584564,0.20974704,0.0665722,742.270338,705.36246,795.468958,,
3.3,Lectura,3,Disponibilidad de cuaderno o libreta de apuntes para la clase,El estudiante dispone de cuadernos o libretas para tomar notas en clase.,No,0.305959553,0.24911693,0.35140163,0.09352189,718.65742,,697.594304,,
3.3,Lectura,3,Disponibilidad de cuaderno o libreta de apuntes para la clase,El estudiante dispone de cuadernos o libretas para tomar notas en clase.,Sí,0.169180263,0.21743536,0.39992042,0.21346396,749.992284,,799.767107,,
3.3,Matemáticas,3,Disponibilidad de cuaderno o libreta de apuntes para la clase,El estudiante dispone de cuadernos o libretas para tomar notas en clase.,No,0.354128611,0.28212151,0.35233085,0.01141902,715.768555,,727.052489,,
3.3,Matemáticas,3,Disponibilidad de cuaderno o libreta de apuntes para la clase,El estudiante dispone de cuadernos o libretas para tomar notas en clase.,Sí,0.220489327,0.31579852,0.37076218,0.09294998,747.329148,,796.773858,,
3.3,Ciencias,6,Disponibilidad de libro para clase de matemáticas,El estudiante dispone del libro de texto de la asignatura.,No,0.194751789,0.47720091,0.23345668,0.09459063,743.634076,721.520409,775.348172,,
3.3,Lectura,3,Disponibilidad de libro para clase de matemáticas,El estudiante dispone del libro de texto de la asignatura.,No,0.160578357,0.22814789,0.40287998,0.20839377,,737.437769,,,
3.3,Lectura,6,Disponibilidad de libro para clase de matemáticas,El estudiante dispone del libro de texto de la asignatura.,No,0.044698977,0.49971645,0.26761482,0.18796976,742.420747,,780.340452,,
3.3,Matemáticas,3,Disponibilidad de libro para clase de matemáticas,El estudiante dispone del libro de texto de la asignatura.,No,0.212024717,0.30939622,0.38242929,0.09614978,751.118303,734.54886,,,
3.3,Matemáticas,6,Disponibilidad de libro para clase de matemáticas,El estudiante dispone del libro de texto de la asignatura.,No,0.321883308,0.50155867,0.14229663,0.0342614,720.846689,,761.521701,,
3.3,Ciencias,6,Disponibilidad de libro para clase de matemáticas,El estudiante dispone del libro de texto de la asignatura.,Sí,0.160600311,0.40887527,0.28736317,0.14316125,762.268371,706.652682,814.618445,,
3.3,Lectura,3,Disponibilidad de libro para clase de matemáticas,El estudiante dispone del libro de texto de la asignatura.,Sí,0.178548834,0.21305902,0.39866043,0.20973172,,720.195936,,,
3.3,Lectura,6,Disponibilidad de libro para clase de matemáticas,El estudiante dispone del libro de texto de la asignatura.,Sí,0.042543045,0.38910093,0.27044122,0.29791481,765.561746,,825.645924,,
3.3,Matemáticas,3,Disponibilidad de libro para clase de matemáticas,El estudiante dispone del libro de texto de la asignatura.,Sí,0.229605735,0.31508216,0.36719435,0.08811776,744.911304,715.216103,,,
3.3,Matemáticas,6,Disponibilidad de libro para clase de matemáticas,El estudiante dispone del libro de texto de la asignatura.,Sí,0.241943393,0.48192068,0.21319951,0.06293642,742.316725,,794.1863,,
3.3,Ciencias,6,Disponibilidad de libro para clase de ciencias,El estudiante dispone del libro de texto de la asignatura.,No,0.20887982,0.48843875,0.22210982,0.08057161,738.475101,,770.383667,,
3.3,Ciencias,6,Disponibilidad de libro para clase de ciencias,El estudiante dispone del libro de texto de la asignatura.,Sí,0.156908724,0.41150892,0.28673119,0.14485116,762.682659,,809.848215,,
3.4,Ciencias,6,Clima de aula según docentes,"Índice estandarizado de las interacciones que ocurren dentro de la sala de clases, respecto del nivel de motivación y cooperación entre los estudiantes, de acuerdo a las respuestas del docente. El cuartil inferior indica al 25% con índice de menor clima en el aula con respecto al resto de la muestra.",Resto de la muestra,0.178379411,0.44162171,0.25537337,0.12462551,753.950693,,805.258879,,
3.4,Ciencias,6,Clima de aula según docentes,"Índice estandarizado de las interacciones que ocurren dentro de la sala de clases, respecto del nivel de motivación y cooperación entre los estudiantes, de acuerdo a las respuestas del docente. El cuartil inferior indica al 25% con índice de menor clima en el aula con respecto al resto de la muestra.",Cuartil inferior,0.216058473,0.47793459,0.23059827,0.07540867,736.469177,,768.857413,El cuartil inferior indica al 25% con índice de menor clima en el aula con respecto al resto de la muestra.,
3.4,Lectura,3,Clima de aula según docentes,"Índice estandarizado de las interacciones que ocurren dentro de la sala de clases, respecto del nivel de motivación y cooperación entre los estudiantes, de acuerdo a las respuestas del docente. El cuartil inferior indica al 25% con índice de menor clima en el aula con respecto al resto de la muestra.",Resto de la muestra,0.1744333,0.2041642,0.40296475,0.21843775,750.839046,,802.642912,,
3.4,Lectura,3,Clima de aula según docentes,"Índice estandarizado de las interacciones que ocurren dentro de la sala de clases, respecto del nivel de motivación y cooperación entre los estudiantes, de acuerdo a las respuestas del docente. El cuartil inferior indica al 25% con índice de menor clima en el aula con respecto al resto de la muestra.",Cuartil inferior,0.177161556,0.25364906,0.37706841,0.19212097,743.394846,,780.27715,El cuartil inferior indica al 25% con índice de menor clima en el aula con respecto al resto de la muestra.,
3.4,Lectura,6,Clima de aula según docentes,"Índice estandarizado de las interacciones que ocurren dentro de la sala de clases, respecto del nivel de motivación y cooperación entre los estudiantes, de acuerdo a las respuestas del docente. El cuartil inferior indica al 25% con índice de menor clima en el aula con respecto al resto de la muestra.",Resto de la muestra,0.042596193,0.44568769,0.27132603,0.24039009,753.754322,,810.743835,,
3.4,Lectura,6,Clima de aula según docentes,"Índice estandarizado de las interacciones que ocurren dentro de la sala de clases, respecto del nivel de motivación y cooperación entre los estudiantes, de acuerdo a las respuestas del docente. El cuartil inferior indica al 25% con índice de menor clima en el aula con respecto al resto de la muestra.",Cuartil inferior,0.050679264,0.49771735,0.25732632,0.19427707,742.266182,,792.532308,El cuartil inferior indica al 25% con índice de menor clima en el aula con respecto al resto de la muestra.,
3.4,Matemáticas,3,Clima de aula según docentes,"Índice estandarizado de las interacciones que ocurren dentro de la sala de clases, respecto del nivel de motivación y cooperación entre los estudiantes, de acuerdo a las respuestas del docente. El cuartil inferior indica al 25% con índice de menor clima en el aula con respecto al resto de la muestra.",Resto de la muestra,0.224068875,0.30652912,0.37629861,0.09310339,,,801.632893,,
3.4,Matemáticas,3,Clima de aula según docentes,"Índice estandarizado de las interacciones que ocurren dentro de la sala de clases, respecto del nivel de motivación y cooperación entre los estudiantes, de acuerdo a las respuestas del docente. El cuartil inferior indica al 25% con índice de menor clima en el aula con respecto al resto de la muestra.",Cuartil inferior,0.25005476,0.32544223,0.34251138,0.08199163,,,771.163272,El cuartil inferior indica al 25% con índice de menor clima en el aula con respecto al resto de la muestra.,
3.4,Matemáticas,6,Clima de aula según docentes,"Índice estandarizado de las interacciones que ocurren dentro de la sala de clases, respecto del nivel de motivación y cooperación entre los estudiantes, de acuerdo a las respuestas del docente. El cuartil inferior indica al 25% con índice de menor clima en el aula con respecto al resto de la muestra.",Resto de la muestra,0.289249154,0.49208326,0.17365459,0.045013,729.979939,,,,
3.4,Matemáticas,6,Clima de aula según docentes,"Índice estandarizado de las interacciones que ocurren dentro de la sala de clases, respecto del nivel de motivación y cooperación entre los estudiantes, de acuerdo a las respuestas del docente. El cuartil inferior indica al 25% con índice de menor clima en el aula con respecto al resto de la muestra.",Cuartil inferior,0.332534796,0.48520227,0.14302601,0.03923692,720.171282,,,El cuartil inferior indica al 25% con índice de menor clima en el aula con respecto al resto de la muestra.,
3.4,Lectura,3,Clima de aula según estudiantes de 3ᵉʳ grado,"Índice estandarizado de relaciones respetuosas y buen comportamiento al interior del aula, de acuerdo a las respuestas de los estudiantes de tercer grado. El cuartil inferior indica al 25% con índice de menor clima en el aula con respecto al resto de la muestra.",Resto de la muestra,0.172708074,0.21220104,0.40349251,0.21159837,,,802.557923,,
3.4,Lectura,3,Clima de aula según estudiantes de 3ᵉʳ grado,"Índice estandarizado de relaciones respetuosas y buen comportamiento al interior del aula, de acuerdo a las respuestas de los estudiantes de tercer grado. El cuartil inferior indica al 25% con índice de menor clima en el aula con respecto al resto de la muestra.",Cuartil inferior,0.176748032,0.23802685,0.38151356,0.20371156,,,783.436714,El cuartil inferior indica al 25% con índice de menor clima en el aula con respecto al resto de la muestra.,
3.4,Matemáticas,3,Clima de aula según estudiantes de 3ᵉʳ grado,"Índice estandarizado de relaciones respetuosas y buen comportamiento al interior del aula, de acuerdo a las respuestas de los estudiantes de tercer grado. El cuartil inferior indica al 25% con índice de menor clima en el aula con respecto al resto de la muestra.",Resto de la muestra,0.223906493,0.30707634,0.37133927,0.0976779,748.030786,,800.258696,,
3.4,Matemáticas,3,Clima de aula según estudiantes de 3ᵉʳ grado,"Índice estandarizado de relaciones respetuosas y buen comportamiento al interior del aula, de acuerdo a las respuestas de los estudiantes de tercer grado. El cuartil inferior indica al 25% con índice de menor clima en el aula con respecto al resto de la muestra.",Cuartil inferior,0.238790357,0.33228557,0.35829717,0.0706269,739.90797,,781.381485,El cuartil inferior indica al 25% con índice de menor clima en el aula con respecto al resto de la muestra.,
3.4,Ciencias,6,Prácticas docentes según estudiantes de 6º grado,"Índice estandarizado de interacciones que promueven el apoyo emocional, la organización de la clase y el apoyo pedagógico para el aprendizaje, de acuerdo a las respuestas de los estudiantes de sexto grado. El cuartil inferior indica al 25% con menor índice de prácticas docentes con respecto al resto de la muestra.",Resto de la muestra,0.179118968,0.46213688,0.25020563,0.10853853,,,,,
3.4,Ciencias,6,Prácticas docentes según estudiantes de 6º grado,"Índice estandarizado de interacciones que promueven el apoyo emocional, la organización de la clase y el apoyo pedagógico para el aprendizaje, de acuerdo a las respuestas de los estudiantes de sexto grado. El cuartil inferior indica al 25% con menor índice de prácticas docentes con respecto al resto de la muestra.",Cuartil inferior,0.198293892,0.4195552,0.25591456,0.12623635,,,,El cuartil inferior indica al 25% con menor índice de prácticas docentes con respecto al resto de la muestra.,
3.4,Lectura,6,Prácticas docentes según estudiantes de 6º grado,"Índice estandarizado de interacciones que promueven el apoyo emocional, la organización de la clase y el apoyo pedagógico para el aprendizaje, de acuerdo a las respuestas de los estudiantes de sexto grado. El cuartil inferior indica al 25% con menor índice de prácticas docentes con respecto al resto de la muestra.",Resto de la muestra,0.042472349,0.46263882,0.26429139,0.23059745,,,812.661929,,
3.4,Lectura,6,Prácticas docentes según estudiantes de 6º grado,"Índice estandarizado de interacciones que promueven el apoyo emocional, la organización de la clase y el apoyo pedagógico para el aprendizaje, de acuerdo a las respuestas de los estudiantes de sexto grado. El cuartil inferior indica al 25% con menor índice de prácticas docentes con respecto al resto de la muestra.",Cuartil inferior,0.051517666,0.44451646,0.27882999,0.22513588,,,795.256588,El cuartil inferior indica al 25% con menor índice de prácticas docentes con respecto al resto de la muestra.,
3.4,Matemáticas,6,Prácticas docentes según estudiantes de 6º grado,"Índice estandarizado de interacciones que promueven el apoyo emocional, la organización de la clase y el apoyo pedagógico para el aprendizaje, de acuerdo a las respuestas de los estudiantes de sexto grado. El cuartil inferior indica al 25% con menor índice de prácticas docentes con respecto al resto de la muestra.",Resto de la muestra,0.304837196,0.48471718,0.16718492,0.04326071,727.214642,,,,
3.4,Matemáticas,6,Prácticas docentes según estudiantes de 6º grado,"Índice estandarizado de interacciones que promueven el apoyo emocional, la organización de la clase y el apoyo pedagógico para el aprendizaje, de acuerdo a las respuestas de los estudiantes de sexto grado. El cuartil inferior indica al 25% con menor índice de prácticas docentes con respecto al resto de la muestra.",Cuartil inferior,0.267722868,0.50985119,0.17118952,0.05123642,733.016139,,,El cuartil inferior indica al 25% con menor índice de prácticas docentes con respecto al resto de la muestra.,
4.1,Ciencias,6,Tipo de escuela pública,Indica si la escuela pública es urbana o rural.,Pública rural,0.257587638,0.32152053,0.31224977,0.10864206,,,,,
4.1,Ciencias,6,Tipo de escuela pública,Indica si la escuela pública es urbana o rural.,Pública urbana,0.198604774,0.47173517,0.23618866,0.0934714,,,,,
4.1,Lectura,3,Tipo de escuela pública,Indica si la escuela pública es urbana o rural.,Pública rural,0.201030899,0.14738221,0.33276789,0.318819,763.751773,774.628615,,,
4.1,Lectura,3,Tipo de escuela pública,Indica si la escuela pública es urbana o rural.,Pública urbana,0.187202287,0.23453523,0.39594748,0.18231501,742.12979,723.727709,,,
4.1,Lectura,6,Tipo de escuela pública,Indica si la escuela pública es urbana o rural.,Pública rural,0.143000372,0.49546103,0.18241363,0.17912497,720.864251,686.470599,,,
4.1,Lectura,6,Tipo de escuela pública,Indica si la escuela pública es urbana o rural.,Pública urbana,0.045428548,0.48304936,0.2723317,0.19919039,744.928582,715.4109,,,
4.1,Matemáticas,3,Tipo de escuela pública,Indica si la escuela pública es urbana o rural.,Pública rural,0.197558032,0.30535559,0.24824178,0.2488446,760.061725,763.02467,,,
4.1,Matemáticas,3,Tipo de escuela pública,Indica si la escuela pública es urbana o rural.,Pública urbana,0.248581406,0.32385935,0.35663048,0.07092877,739.282722,718.77034,,,
4.1,Matemáticas,6,Tipo de escuela pública,Indica si la escuela pública es urbana o rural.,Pública rural,0.415208075,0.42264596,0.1211311,0.04101486,,,,,
4.1,Matemáticas,6,Tipo de escuela pública,Indica si la escuela pública es urbana o rural.,Pública urbana,0.31422033,0.49893428,0.15555375,0.03129164,,,,,
4.1,Ciencias,6,Violencia en el entorno de la escuela,Índice estandarizado de la frecuencia con que ocurren situaciones de agresión o conductas ilegales en el barrio o comunidad en que se inserta la escuela. El cuartil inferior indica al 25% con índice de mayor violencia en el entorno.,Resto de la muestra,0.167429549,0.44105701,0.26535282,0.12616062,755.676664,,,,
4.1,Ciencias,6,Violencia en el entorno de la escuela,Índice estandarizado de la frecuencia con que ocurren situaciones de agresión o conductas ilegales en el barrio o comunidad en que se inserta la escuela. El cuartil inferior indica al 25% con índice de mayor violencia en el entorno.,Cuartil superior,0.24192207,0.475485,0.20614333,0.0764496,733.185037,,,El cuartil superior indica al 25% con índice de mayor violencia en el entorno.,
4.1,Lectura,3,Violencia en el entorno de la escuela,Índice estandarizado de la frecuencia con que ocurren situaciones de agresión o conductas ilegales en el barrio o comunidad en que se inserta la escuela. El cuartil inferior indica al 25% con índice de mayor violencia en el entorno.,Resto de la muestra,0.157847288,0.20102091,0.40126527,0.23986653,755.28598,733.374332,,,
4.1,Lectura,3,Violencia en el entorno de la escuela,Índice estandarizado de la frecuencia con que ocurren situaciones de agresión o conductas ilegales en el barrio o comunidad en que se inserta la escuela. El cuartil inferior indica al 25% con índice de mayor violencia en el entorno.,Cuartil superior,0.218187431,0.26324812,0.3793459,0.13921855,732.288855,712.954193,,El cuartil superior indica al 25% con índice de mayor violencia en el entorno.,
4.1,Lectura,6,Violencia en el entorno de la escuela,Índice estandarizado de la frecuencia con que ocurren situaciones de agresión o conductas ilegales en el barrio o comunidad en que se inserta la escuela. El cuartil inferior indica al 25% con índice de mayor violencia en el entorno.,Resto de la muestra,0.046720528,0.42786558,0.27388232,0.25153158,756.172433,,,,
4.1,Lectura,6,Violencia en el entorno de la escuela,Índice estandarizado de la frecuencia con que ocurren situaciones de agresión o conductas ilegales en el barrio o comunidad en que se inserta la escuela. El cuartil inferior indica al 25% con índice de mayor violencia en el entorno.,Cuartil superior,0.040629852,0.5365017,0.25294515,0.1699233,736.815805,,,El cuartil superior indica al 25% con índice de mayor violencia en el entorno.,
4.1,Matemáticas,3,Violencia en el entorno de la escuela,Índice estandarizado de la frecuencia con que ocurren situaciones de agresión o conductas ilegales en el barrio o comunidad en que se inserta la escuela. El cuartil inferior indica al 25% con índice de mayor violencia en el entorno.,Resto de la muestra,0.202082152,0.29452905,0.3941955,0.1091933,753.384747,727.950009,,,
4.1,Matemáticas,3,Violencia en el entorno de la escuela,Índice estandarizado de la frecuencia con que ocurren situaciones de agresión o conductas ilegales en el barrio o comunidad en que se inserta la escuela. El cuartil inferior indica al 25% con índice de mayor violencia en el entorno.,Cuartil superior,0.298652876,0.35595509,0.29932765,0.04606438,726.779254,707.905713,,El cuartil superior indica al 25% con índice de mayor violencia en el entorno.,
4.1,Matemáticas,6,Violencia en el entorno de la escuela,Índice estandarizado de la frecuencia con que ocurren situaciones de agresión o conductas ilegales en el barrio o comunidad en que se inserta la escuela. El cuartil inferior indica al 25% con índice de mayor violencia en el entorno.,Resto de la muestra,0.270627128,0.4919675,0.18548166,0.05192372,734.311048,,,,
4.1,Matemáticas,6,Violencia en el entorno de la escuela,Índice estandarizado de la frecuencia con que ocurren situaciones de agresión o conductas ilegales en el barrio o comunidad en que se inserta la escuela. El cuartil inferior indica al 25% con índice de mayor violencia en el entorno.,Cuartil superior,0.372967959,0.48157977,0.12007569,0.02537658,711.406507,,,El cuartil superior indica al 25% con índice de mayor violencia en el entorno.,
4.2,Ciencias,6,Infraestructura del recinto educacional,Índice estandarizado de disponibilidad de instalaciones y servicios en la escuela. El cuartil inferior indica al 25% con índice de menor infraestructura en el entorno.,Resto de la muestra,0.170324205,0.44064826,0.26233234,0.12669519,757.228754,721.168412,,,
4.2,Ciencias,6,Infraestructura del recinto educacional,Índice estandarizado de disponibilidad de instalaciones y servicios en la escuela. El cuartil inferior indica al 25% con índice de menor infraestructura en el entorno.,Cuartil inferior,0.24270547,0.48259791,0.20195806,0.07273857,726.09719,707.008134,,El cuartil inferior indica al 25% con índice de menor infraestructura de la escuela con respecto al resto de la muestra.,
4.2,Lectura,3,Infraestructura del recinto educacional,Índice estandarizado de disponibilidad de instalaciones y servicios en la escuela. El cuartil inferior indica al 25% con índice de menor infraestructura en el entorno.,Resto de la muestra,0.152473312,0.19652023,0.41522006,0.2357864,755.681457,,799.200799,,
4.2,Lectura,3,Infraestructura del recinto educacional,Índice estandarizado de disponibilidad de instalaciones y servicios en la escuela. El cuartil inferior indica al 25% con índice de menor infraestructura en el entorno.,Cuartil inferior,0.247639351,0.28926829,0.33138222,0.13171014,726.475797,,763.324979,El cuartil inferior indica al 25% con índice de menor infraestructura de la escuela con respecto al resto de la muestra.,
4.2,Lectura,6,Infraestructura del recinto educacional,Índice estandarizado de disponibilidad de instalaciones y servicios en la escuela. El cuartil inferior indica al 25% con índice de menor infraestructura en el entorno.,Resto de la muestra,0.034124663,0.43317521,0.2840436,0.24865653,758.48832,719.334507,809.629616,,
4.2,Lectura,6,Infraestructura del recinto educacional,Índice estandarizado de disponibilidad de instalaciones y servicios en la escuela. El cuartil inferior indica al 25% con índice de menor infraestructura en el entorno.,Cuartil inferior,0.077051581,0.53240208,0.2214917,0.16905465,728.105112,707.395017,770.295222,El cuartil inferior indica al 25% con índice de menor infraestructura de la escuela con respecto al resto de la muestra.,
4.2,Matemáticas,3,Infraestructura del recinto educacional,Índice estandarizado de disponibilidad de instalaciones y servicios en la escuela. El cuartil inferior indica al 25% con índice de menor infraestructura en el entorno.,Resto de la muestra,0.195132692,0.30803981,0.39197895,0.10484855,752.734947,,795.816927,,
4.2,Matemáticas,3,Infraestructura del recinto educacional,Índice estandarizado de disponibilidad de instalaciones y servicios en la escuela. El cuartil inferior indica al 25% con índice de menor infraestructura en el entorno.,Cuartil inferior,0.342032662,0.32626611,0.28416951,0.04753172,722.777746,,765.609662,El cuartil inferior indica al 25% con índice de menor infraestructura de la escuela con respecto al resto de la muestra.,
4.2,Matemáticas,6,Infraestructura del recinto educacional,Índice estandarizado de disponibilidad de instalaciones y servicios en la escuela. El cuartil inferior indica al 25% con índice de menor infraestructura en el entorno.,Resto de la muestra,0.261679096,0.49810191,0.1868416,0.05337739,737.133643,705.818236,,,
4.2,Matemáticas,6,Infraestructura del recinto educacional,Índice estandarizado de disponibilidad de instalaciones y servicios en la escuela. El cuartil inferior indica al 25% con índice de menor infraestructura en el entorno.,Cuartil inferior,0.403253775,0.46281306,0.11284365,0.02108952,701.86698,683.899762,,El cuartil inferior indica al 25% con índice de menor infraestructura de la escuela con respecto al resto de la muestra.,
4.2,Ciencias,6,Jornada escolar completa,Indica si la escuela cuenta con jornada escolar completa en los grados evaluados.,No,0.198053588,0.46323034,0.23851913,0.10019695,744.36569,,790.321905,,
4.2,Ciencias,6,Jornada escolar completa,Indica si la escuela cuenta con jornada escolar completa en los grados evaluados.,Sí,0.11295255,0.37654905,0.31924967,0.19124873,783.041596,,819.633428,,
4.2,Lectura,3,Jornada escolar completa,Indica si la escuela cuenta con jornada escolar completa en los grados evaluados.,No,0.183990085,0.23185115,0.39219679,0.19196197,743.874291,,784.126064,,
4.2,Lectura,3,Jornada escolar completa,Indica si la escuela cuenta con jornada escolar completa en los grados evaluados.,Sí,0.122986358,0.17401166,0.40748571,0.29551627,771.952938,,820.26454,,
4.2,Lectura,6,Jornada escolar completa,Indica si la escuela cuenta con jornada escolar completa en los grados evaluados.,No,0.044833135,0.47277319,0.27091861,0.21147507,747.248396,,797.421242,,
4.2,Lectura,6,Jornada escolar completa,Indica si la escuela cuenta con jornada escolar completa en los grados evaluados.,Sí,0.027149367,0.3058277,0.26897413,0.39804881,788.468657,,840.870328,,
4.2,Matemáticas,3,Jornada escolar completa,Indica si la escuela cuenta con jornada escolar completa en los grados evaluados.,No,0.237567077,0.32307452,0.35623815,0.08312026,742.31709,,787.367928,,
4.2,Matemáticas,3,Jornada escolar completa,Indica si la escuela cuenta con jornada escolar completa en los grados evaluados.,Sí,0.165712787,0.29283143,0.40905623,0.13239956,764.578637,,813.426827,,
4.2,Matemáticas,6,Jornada escolar completa,Indica si la escuela cuenta con jornada escolar completa en los grados evaluados.,No,0.317228917,0.49956394,0.15006575,0.0331414,721.391807,,764.959964,,
4.2,Matemáticas,6,Jornada escolar completa,Indica si la escuela cuenta con jornada escolar completa en los grados evaluados.,Sí,0.191803479,0.41663787,0.26485998,0.12669867,767.802925,,814.196907,,
4.3,Ciencias,6,Ambiente laboral según docentes,Índice estandarizado del clima laboral reportado por docentes. El cuartil inferior indica al 25% con índice de menor clima laboral con respecto al resto de la muestra.,Resto de la muestra,0.192306786,0.42645162,0.25725518,0.12398641,752.369266,,803.31341,,
4.3,Ciencias,6,Ambiente laboral según docentes,Índice estandarizado del clima laboral reportado por docentes. El cuartil inferior indica al 25% con índice de menor clima laboral con respecto al resto de la muestra.,Cuartil inferior,0.178308414,0.50502768,0.23104905,0.08561486,742.726658,,781.681136,El cuartil inferior indica el 25% con índice menor monitoreo y retroalimentación con respecto al resto de la muestra.,
4.3,Lectura,3,Ambiente laboral según docentes,Índice estandarizado del clima laboral reportado por docentes. El cuartil inferior indica al 25% con índice de menor clima laboral con respecto al resto de la muestra.,Resto de la muestra,0.171958077,0.20969025,0.40557618,0.21277549,,,,,
4.3,Lectura,3,Ambiente laboral según docentes,Índice estandarizado del clima laboral reportado por docentes. El cuartil inferior indica al 25% con índice de menor clima laboral con respecto al resto de la muestra.,Cuartil inferior,0.181804074,0.24261005,0.37315738,0.2024285,,,,El cuartil inferior indica el 25% con índice menor monitoreo y retroalimentación con respecto al resto de la muestra.,
4.3,Lectura,6,Ambiente laboral según docentes,Índice estandarizado del clima laboral reportado por docentes. El cuartil inferior indica al 25% con índice de menor clima laboral con respecto al resto de la muestra.,Resto de la muestra,0.044523296,0.44771338,0.27093965,0.23682367,752.251055,,,,
4.3,Lectura,6,Ambiente laboral según docentes,Índice estandarizado del clima laboral reportado por docentes. El cuartil inferior indica al 25% con índice de menor clima laboral con respecto al resto de la muestra.,Cuartil inferior,0.046505038,0.48974401,0.25297267,0.21077828,746.665937,,,El cuartil inferior indica el 25% con índice menor monitoreo y retroalimentación con respecto al resto de la muestra.,
4.3,Matemáticas,3,Ambiente laboral según docentes,Índice estandarizado del clima laboral reportado por docentes. El cuartil inferior indica al 25% con índice de menor clima laboral con respecto al resto de la muestra.,Resto de la muestra,0.229828426,0.31163535,0.3658714,0.09266482,,724.373868,800.016526,,
4.3,Matemáticas,3,Ambiente laboral según docentes,Índice estandarizado del clima laboral reportado por docentes. El cuartil inferior indica al 25% con índice de menor clima laboral con respecto al resto de la muestra.,Cuartil inferior,0.23091966,0.31118532,0.36888989,0.08900513,,712.812995,784.505591,El cuartil inferior indica el 25% con índice menor monitoreo y retroalimentación con respecto al resto de la muestra.,
4.3,Matemáticas,6,Ambiente laboral según docentes,Índice estandarizado del clima laboral reportado por docentes. El cuartil inferior indica al 25% con índice de menor clima laboral con respecto al resto de la muestra.,Resto de la muestra,0.301786256,0.48489067,0.17468586,0.03863721,,,775.589845,,
4.3,Matemáticas,6,Ambiente laboral según docentes,Índice estandarizado del clima laboral reportado por docentes. El cuartil inferior indica al 25% con índice de menor clima laboral con respecto al resto de la muestra.,Cuartil inferior,0.294026797,0.49911514,0.14947374,0.05738432,,,797.786446,El cuartil inferior indica el 25% con índice menor monitoreo y retroalimentación con respecto al resto de la muestra.,
4.3,Ciencias,6,Monitoreo y retroalimentación de la práctica docente según directores,Índice estandarizado sobre el monitoreo y retroalimentación al docente reportado por el director. El cuartil inferior indica el 25% con índice menor con respecto al resto de la muestra.,Resto de la muestra,0.191586878,0.44867697,0.24399403,0.11574212,,714.39491,803.263146,,
4.3,Ciencias,6,Monitoreo y retroalimentación de la práctica docente según directores,Índice estandarizado sobre el monitoreo y retroalimentación al docente reportado por el director. El cuartil inferior indica el 25% con índice menor con respecto al resto de la muestra.,Cuartil inferior,0.174656163,0.45138775,0.2681496,0.10580649,,727.20791,786.349323,El cuartil inferior indica al 25% con índice de menor clima laboral con respecto al resto de la muestra.,
4.3,Lectura,3,Monitoreo y retroalimentación de la práctica docente según directores,Índice estandarizado sobre el monitoreo y retroalimentación al docente reportado por el director. El cuartil inferior indica el 25% con índice menor con respecto al resto de la muestra.,Resto de la muestra,0.183585677,0.22062538,0.3838582,0.21193075,,,,,
4.3,Lectura,3,Monitoreo y retroalimentación de la práctica docente según directores,Índice estandarizado sobre el monitoreo y retroalimentación al docente reportado por el director. El cuartil inferior indica el 25% con índice menor con respecto al resto de la muestra.,Cuartil inferior,0.147878272,0.20961181,0.43224612,0.2102638,,,,El cuartil inferior indica al 25% con índice de menor clima laboral con respecto al resto de la muestra.,
4.3,Lectura,6,Monitoreo y retroalimentación de la práctica docente según directores,Índice estandarizado sobre el monitoreo y retroalimentación al docente reportado por el director. El cuartil inferior indica el 25% con índice menor con respecto al resto de la muestra.,Resto de la muestra,0.042868455,0.47161545,0.25948531,0.22603078,749.569182,713.734356,814.225766,,
4.3,Lectura,6,Monitoreo y retroalimentación de la práctica docente según directores,Índice estandarizado sobre el monitoreo y retroalimentación al docente reportado por el director. El cuartil inferior indica el 25% con índice menor con respecto al resto de la muestra.,Cuartil inferior,0.037475295,0.42528357,0.29391121,0.24332993,757.086361,728.854331,791.689062,El cuartil inferior indica al 25% con índice de menor clima laboral con respecto al resto de la muestra.,
4.3,Matemáticas,3,Monitoreo y retroalimentación de la práctica docente según directores,Índice estandarizado sobre el monitoreo y retroalimentación al docente reportado por el director. El cuartil inferior indica el 25% con índice menor con respecto al resto de la muestra.,Resto de la muestra,0.240931496,0.31942679,0.35185757,0.08778414,742.773785,717.602104,798.524609,,
4.3,Matemáticas,3,Monitoreo y retroalimentación de la práctica docente según directores,Índice estandarizado sobre el monitoreo y retroalimentación al docente reportado por el director. El cuartil inferior indica el 25% con índice menor con respecto al resto de la muestra.,Cuartil inferior,0.201018862,0.28857546,0.40951637,0.1008893,753.61391,733.235957,785.571498,El cuartil inferior indica al 25% con índice de menor clima laboral con respecto al resto de la muestra.,
4.3,Matemáticas,6,Monitoreo y retroalimentación de la práctica docente según directores,Índice estandarizado sobre el monitoreo y retroalimentación al docente reportado por el director. El cuartil inferior indica el 25% con índice menor con respecto al resto de la muestra.,Resto de la muestra,0.315909308,0.48100659,0.16438428,0.03869982,724.339304,695.309911,,,
4.3,Matemáticas,6,Monitoreo y retroalimentación de la práctica docente según directores,Índice estandarizado sobre el monitoreo y retroalimentación al docente reportado por el director. El cuartil inferior indica el 25% con índice menor con respecto al resto de la muestra.,Cuartil inferior,0.240148468,0.51028748,0.1826705,0.06689355,742.55739,708.909783,,El cuartil inferior indica al 25% con índice de menor clima laboral con respecto al resto de la muestra.,
